{
    "name": "coursepool",
    "location": "uksouth",
    "properties": {
        "autoPause": {
            "enabled": true,
            "delayInMinutes": 5
        },
        "autoScale": {
            "enabled": false,
            "maxNodeCount": 0,
            "minNodeCount": 0
        },
        "nodeCount": 3,
        "nodeSize": "Small",
        "nodeSizeFamily": "MemoryOptimized",
        "sparkVersion": "3.3",
        "isComputeIsolationEnabled": false,
        "sessionLevelPackagesEnabled": true,
        "annotations": []
    }
}