{
    "name": "pl_create_gold_trip_data_green_agg",
    "properties": {
        "activities": [
            {
                "name": "Create Gold Trip Data Green Agg",
                "type": "SynapseNotebook",
                "dependsOn": [],
                "policy": {
                    "timeout": "0.12:00:00",
                    "retry": 0,
                    "retryIntervalInSeconds": 30,
                    "secureOutput": false,
                    "secureInput": false
                },
                "userProperties": [],
                "typeProperties": {
                    "notebook": {
                        "referenceName": "Spark_Pool_create_gold_trip_data_green_agg",
                        "type": "NotebookReference"
                    },
                    "snapshot": true,
                    "sparkPool": {
                        "referenceName": "coursepool",
                        "type": "BigDataPoolReference"
                    }
                }
            }
        ],
        "annotations": [],
        "lastPublishTime": "2024-02-26T00:14:32Z"
    },
    "type": "Microsoft.Synapse/workspaces/pipelines"
}