{
    "name": "pl_execute_all_pipelines",
    "properties": {
        "activities": [
            {
                "name": "Execute Create Silver Tables",
                "type": "ExecutePipeline",
                "dependsOn": [],
                "userProperties": [],
                "typeProperties": {
                    "pipeline": {
                        "referenceName": "pl_create_silver_tables",
                        "type": "PipelineReference"
                    },
                    "waitOnCompletion": true
                }
            },
            {
                "name": "Execute Create Silver Trip Data Green",
                "type": "ExecutePipeline",
                "dependsOn": [],
                "userProperties": [],
                "typeProperties": {
                    "pipeline": {
                        "referenceName": "pl_create_silver_trip_data_green",
                        "type": "PipelineReference"
                    },
                    "waitOnCompletion": true
                }
            },
            {
                "name": "Execute Gold Trip Data Green",
                "type": "ExecutePipeline",
                "dependsOn": [
                    {
                        "activity": "Execute Create Silver Tables",
                        "dependencyConditions": [
                            "Completed"
                        ]
                    },
                    {
                        "activity": "Execute Create Silver Trip Data Green",
                        "dependencyConditions": [
                            "Completed"
                        ]
                    }
                ],
                "userProperties": [],
                "typeProperties": {
                    "pipeline": {
                        "referenceName": "pl_create_gold_trip_data_green",
                        "type": "PipelineReference"
                    },
                    "waitOnCompletion": true
                }
            },
            {
                "name": "Execute Create Gold Trip Data Green Agg",
                "type": "ExecutePipeline",
                "dependsOn": [
                    {
                        "activity": "Execute Create Silver Trip Data Green",
                        "dependencyConditions": [
                            "Completed"
                        ]
                    }
                ],
                "userProperties": [],
                "typeProperties": {
                    "pipeline": {
                        "referenceName": "pl_create_gold_trip_data_green_agg",
                        "type": "PipelineReference"
                    },
                    "waitOnCompletion": true
                }
            }
        ],
        "annotations": [],
        "lastPublishTime": "2024-02-26T00:15:35Z"
    },
    "type": "Microsoft.Synapse/workspaces/pipelines"
}