{
    "now": "2024-02-28T23:51:20.341Z",
    "perfNow": 2829694.3000000007,
    "diagnosticCorrelation": "7defcda5-0c06-4163-91ed-5e4a1255923a",
    "source": "DownloadSupportFiles",
    "environment": {
        "productName": "a365",
        "buildVersion": "24.0130.10",
        "environmentType": 9,
        "resourceName": "synapse-course-ws-sam",
        "resourceRegion": "uksouth",
        "resourceGroup": "synapse-course-rg",
        "subscriptionId": "aa994915-1b8e-474b-9988-1a994e08f6f5",
        "sessionId": "H8zz8",
        "operationId": "ZYDs/",
        "gitType": "live"
    },
    "additionalInfo": {
        "selectedResource": "pl_create_gold_trip_data_green",
        "selectedResourceType": "pipeline"
    }
}