{
    "now": "2024-02-28T23:51:03.027Z",
    "perfNow": 2812380.8000000007,
    "diagnosticCorrelation": "b0e82922-e9b4-4980-8008-b3b21ee344a3",
    "source": "DownloadSupportFiles",
    "environment": {
        "productName": "a365",
        "buildVersion": "24.0130.10",
        "environmentType": 9,
        "resourceName": "synapse-course-ws-sam",
        "resourceRegion": "uksouth",
        "resourceGroup": "synapse-course-rg",
        "subscriptionId": "aa994915-1b8e-474b-9988-1a994e08f6f5",
        "sessionId": "H8zz8",
        "operationId": "ZYDs/",
        "gitType": "live"
    },
    "additionalInfo": {
        "selectedResource": "pl_create_silver_trip_data_green",
        "selectedResourceType": "pipeline"
    }
}