{
    "now": "2024-02-28T23:51:24.990Z",
    "perfNow": 2834343.3000000007,
    "diagnosticCorrelation": "52796c0c-a964-4ceb-8dce-22ad33f6d3c6",
    "source": "DownloadSupportFiles",
    "environment": {
        "productName": "a365",
        "buildVersion": "24.0130.10",
        "environmentType": 9,
        "resourceName": "synapse-course-ws-sam",
        "resourceRegion": "uksouth",
        "resourceGroup": "synapse-course-rg",
        "subscriptionId": "aa994915-1b8e-474b-9988-1a994e08f6f5",
        "sessionId": "H8zz8",
        "operationId": "ZYDs/",
        "gitType": "live"
    },
    "additionalInfo": {
        "selectedResource": "pl_execute_all_pipelines",
        "selectedResourceType": "pipeline"
    }
}